"BodySite","Purity_PAM","BestCluster"
"UBERON:skin of external ear",76.8496420047733,"11"
"UBERON:mouth",54.3956043956044,"10"
"UBERON:skin of elbow",36.9444444444444,"9"
"UBERON:feces",98.0952380952381,"4"
"UBERON:tooth",94.2446043165468,"6"
"UBERON:gingiva",51.9607843137255,"8"
"UBERON:buccal mucosa",57.843137254902,"8"
"UBERON:throat",44.1025641025641,"2"
"UBERON:hard palate",36,"7"
"UBERON:palatine tonsil",37.4384236453202,"2"
"UBERON:anterior nares",61.4973262032086,"11"
"UBERON:tongue",46.9483568075117,"2"
"UBERON:central vagina",43.8775510204082,"12"
"UBERON:posterior fornix of vagina",43.8775510204082,"12"
"UBERON:vaginal introitus",45.2631578947368,"12"
